Date,Nb_Cas_Cumulatif,Nb_Nvx_Cas,Nb_Deces_Cumulatif_Total,Nb_Deces_Cumulatif_CHCHSLD,Nb_Deces_Cumulatif_RPA,Nb_Deces_Cumulatif_DomInc,Nb_Deces_Cumulatif_Autre,Nb_Nvx_Deces_Total,Nb_Nvx_Deces_CHCHSLD,Nb_Nvx_Deces_RPA,Nb_Nvx_Deces_DomInc,Nb_Nvx_Deces_Autre
Date inconnue,0,0,0,0,0,0,0,93,9,20,59,5
2020-01-23,0,0,0,0,0,0,0,0,0,0,0,0
2020-01-24,0,0,0,0,0,0,0,0,0,0,0,0
2020-01-25,0,0,0,0,0,0,0,0,0,0,0,0
2020-01-26,0,0,0,0,0,0,0,0,0,0,0,0
2020-01-27,0,0,0,0,0,0,0,0,0,0,0,0
2020-01-28,0,0,0,0,0,0,0,0,0,0,0,0
2020-01-29,0,0,0,0,0,0,0,0,0,0,0,0
2020-01-30,0,0,0,0,0,0,0,0,0,0,0,0
2020-01-31,0,0,0,0,0,0,0,0,0,0,0,0
2020-02-01,0,0,0,0,0,0,0,0,0,0,0,0
2020-02-02,0,0,0,0,0,0,0,0,0,0,0,0
2020-02-03,0,0,0,0,0,0,0,0,0,0,0,0
2020-02-04,0,0,0,0,0,0,0,0,0,0,0,0
2020-02-05,0,0,0,0,0,0,0,0,0,0,0,0
2020-02-06,0,0,0,0,0,0,0,0,0,0,0,0
2020-02-07,0,0,0,0,0,0,0,0,0,0,0,0
2020-02-08,0,0,0,0,0,0,0,0,0,0,0,0
2020-02-09,0,0,0,0,0,0,0,0,0,0,0,0
2020-02-10,0,0,0,0,0,0,0,0,0,0,0,0
2020-02-11,0,0,0,0,0,0,0,0,0,0,0,0
2020-02-12,0,0,0,0,0,0,0,0,0,0,0,0
2020-02-13,0,0,0,0,0,0,0,0,0,0,0,0
2020-02-14,0,0,0,0,0,0,0,0,0,0,0,0
2020-02-15,0,0,0,0,0,0,0,0,0,0,0,0
2020-02-16,0,0,0,0,0,0,0,0,0,0,0,0
2020-02-17,0,0,0,0,0,0,0,0,0,0,0,0
2020-02-18,0,0,0,0,0,0,0,0,0,0,0,0
2020-02-19,0,0,0,0,0,0,0,0,0,0,0,0
2020-02-20,0,0,0,0,0,0,0,0,0,0,0,0
2020-02-21,0,0,0,0,0,0,0,0,0,0,0,0
2020-02-22,0,0,0,0,0,0,0,0,0,0,0,0
2020-02-23,0,0,0,0,0,0,0,0,0,0,0,0
2020-02-24,0,0,0,0,0,0,0,0,0,0,0,0
2020-02-25,0,0,0,0,0,0,0,0,0,0,0,0
2020-02-26,0,0,0,0,0,0,0,0,0,0,0,0
2020-02-27,0,0,0,0,0,0,0,0,0,0,0,0
2020-02-28,0,0,0,0,0,0,0,0,0,0,0,0
2020-02-29,0,0,0,0,0,0,0,0,0,0,0,0
2020-03-01,0,0,0,0,0,0,0,0,0,0,0,0
2020-03-02,0,0,0,0,0,0,0,0,0,0,0,0
2020-03-03,0,0,0,0,0,0,0,0,0,0,0,0
2020-03-04,0,0,0,0,0,0,0,0,0,0,0,0
2020-03-05,0,0,0,0,0,0,0,0,0,0,0,0
2020-03-06,1,1,0,0,0,0,0,0,0,0,0,0
2020-03-07,1,0,0,0,0,0,0,0,0,0,0,0
2020-03-08,1,0,0,0,0,0,0,0,0,0,0,0
2020-03-09,1,0,0,0,0,0,0,0,0,0,0,0
2020-03-10,1,0,0,0,0,0,0,0,0,0,0,0
2020-03-11,3,2,0,0,0,0,0,0,0,0,0,0
2020-03-12,5,2,0,0,0,0,0,0,0,0,0,0
2020-03-13,6,1,0,0,0,0,0,0,0,0,0,0
2020-03-14,7,1,0,0,0,0,0,0,0,0,0,0
2020-03-15,9,2,0,0,0,0,0,0,0,0,0,0
2020-03-16,14,5,1,0,1,0,0,1,0,1,0,0
2020-03-17,18,4,2,0,1,1,0,1,0,0,1,0
2020-03-18,26,8,3,1,1,1,0,1,1,0,0,0
2020-03-19,74,48,4,1,2,1,0,1,0,1,0,0
2020-03-20,149,75,4,1,2,1,0,0,0,0,0,0
2020-03-21,288,139,5,1,3,1,0,1,0,1,0,0
2020-03-22,459,171,5,1,3,1,0,0,0,0,0,0
2020-03-23,717,258,8,2,3,3,0,3,1,0,2,0
2020-03-24,937,220,10,3,3,4,0,2,1,0,1,0
2020-03-25,1186,249,18,7,6,4,1,8,4,3,0,1
2020-03-26,1530,344,27,9,8,9,1,9,2,2,5,0
2020-03-27,1963,433,30,11,9,9,1,3,2,1,0,0
2020-03-28,2368,405,44,20,11,12,1,14,9,2,3,0
2020-03-29,2868,500,54,26,12,15,1,10,6,1,3,0
2020-03-30,3471,603,67,35,13,18,1,13,9,1,3,0
2020-03-31,4224,753,83,47,13,20,3,16,12,0,2,2
2020-04-01,4798,574,99,60,15,21,3,16,13,2,1,0
2020-04-02,5513,715,121,75,18,24,4,22,15,3,3,1
2020-04-03,6126,613,159,101,24,29,5,38,26,6,5,1
2020-04-04,6749,623,203,128,35,33,7,44,27,11,4,2
2020-04-05,7255,506,251,162,43,37,9,48,34,8,4,2
2020-04-06,7867,612,302,202,48,41,11,51,40,5,4,2
2020-04-07,8687,820,359,247,56,44,12,57,45,8,3,1
2020-04-08,9240,553,417,292,61,52,12,58,45,5,8,0
2020-04-09,10048,808,484,340,67,61,16,67,48,6,9,4
2020-04-10,10611,563,552,388,78,67,19,68,48,11,6,3
2020-04-11,11263,652,622,443,87,68,24,70,55,9,1,5
2020-04-12,12084,821,710,510,99,74,27,88,67,12,6,3
2020-04-13,12944,860,805,573,115,86,31,95,63,16,12,4
2020-04-14,13995,1051,897,636,130,97,34,92,63,15,11,3
2020-04-15,14879,884,996,706,146,107,37,99,70,16,10,3
2020-04-16,15741,862,1089,781,158,112,38,93,75,12,5,1
2020-04-17,16575,834,1177,841,171,123,42,88,60,13,11,4
2020-04-18,17262,687,1276,919,184,129,44,99,78,13,6,2
2020-04-19,17919,657,1401,1016,202,136,47,125,97,18,7,3
2020-04-20,18618,699,1504,1102,212,139,51,103,86,10,3,4
2020-04-21,19287,669,1619,1196,226,143,54,115,94,14,4,3
2020-04-22,20082,795,1737,1281,241,158,57,118,85,15,15,3
2020-04-23,20828,746,1853,1366,256,167,64,116,85,15,9,7
2020-04-24,21604,776,1967,1452,270,178,67,114,86,14,11,3
2020-04-25,22279,675,2092,1544,291,189,68,125,92,21,11,1
2020-04-26,22883,604,2202,1626,307,199,70,110,82,16,10,2
2020-04-27,23575,692,2319,1710,324,205,80,117,84,17,6,10
2020-04-28,24383,808,2457,1810,344,217,86,138,100,20,12,6
2020-04-29,25230,847,2610,1908,372,236,94,153,98,28,19,8
2020-04-30,26041,811,2730,1986,392,249,103,120,78,20,13,9
2020-05-01,26886,845,2869,2081,422,257,109,139,95,30,8,6
2020-05-02,27644,758,2983,2160,441,263,119,114,79,19,6,10
2020-05-03,28375,731,3081,2220,462,272,127,98,60,21,9,8
2020-05-04,28945,570,3191,2297,481,284,129,110,77,19,12,2
2020-05-05,29789,844,3291,2359,506,292,134,100,62,25,8,5
2020-05-06,30665,876,3386,2420,525,298,143,95,61,19,6,9
2020-05-07,31453,788,3480,2474,551,306,149,94,54,26,8,6
2020-05-08,32145,692,3570,2541,568,311,150,90,67,17,5,1
2020-05-09,32751,606,3667,2596,593,322,156,97,55,25,11,6
2020-05-10,33421,670,3760,2663,607,327,163,93,67,14,5,7
2020-05-11,33981,560,3857,2726,626,337,168,97,63,19,10,5
2020-05-12,34610,629,3939,2773,646,344,176,82,47,20,7,8
2020-05-13,35290,680,4005,2817,659,349,180,66,44,13,5,4
2020-05-14,36005,715,4091,2875,678,357,181,86,58,19,8,1
2020-05-15,36699,694,4175,2935,691,362,187,84,60,13,5,6
2020-05-16,37434,735,4254,2987,702,371,194,79,52,11,9,7
2020-05-17,38059,625,4320,3027,710,382,201,66,40,8,11,7
2020-05-18,38604,545,4389,3075,721,388,205,69,48,11,6,4
2020-05-19,39233,629,4447,3113,730,398,206,58,38,9,10,1
2020-05-20,39891,658,4519,3161,740,404,214,72,48,10,6,8
2020-05-21,40545,654,4578,3196,754,408,220,59,35,14,4,6
2020-05-22,41057,512,4647,3242,766,417,222,69,46,12,9,2
2020-05-23,41558,501,4711,3291,775,421,224,64,49,9,4,2
2020-05-24,42100,542,4775,3333,786,428,228,64,42,11,7,4
2020-05-25,42458,358,4834,3374,797,433,230,59,41,11,5,2
2020-05-26,42855,397,4899,3420,806,441,232,65,46,9,8,2
2020-05-27,43266,411,4958,3457,818,447,236,59,37,12,6,4
2020-05-28,43650,384,5036,3512,830,455,239,78,55,12,8,3
2020-05-29,44032,382,5096,3561,836,460,239,60,49,6,5,0
2020-05-30,44399,367,5137,3585,843,467,242,41,24,7,7,3
2020-05-31,44646,247,5172,3609,850,471,242,35,24,7,4,0
2020-06-01,44900,254,5210,3640,854,474,242,38,31,4,3,0
2020-06-02,45129,229,5244,3665,858,478,243,34,25,4,4,1
2020-06-03,45363,234,5279,3682,863,487,247,35,17,5,9,4
2020-06-04,45599,236,5295,3691,867,489,248,16,9,4,2,1
2020-06-05,45835,236,5324,3710,872,493,249,29,19,5,4,1
2020-06-06,46047,212,5350,3728,874,498,250,26,18,2,5,1
2020-06-07,46204,157,5372,3744,878,499,251,22,16,4,1,1
2020-06-08,46322,118,5389,3756,882,500,251,17,12,4,1,0
2020-06-09,46493,171,5408,3767,884,504,253,19,11,2,4,2
2020-06-10,46648,155,5427,3780,887,505,255,19,13,3,1,2
2020-06-11,46789,141,5448,3794,889,509,256,21,14,2,4,1
2020-06-12,46940,151,5467,3805,893,512,257,19,11,4,3,1
2020-06-13,47046,106,5484,3815,897,514,258,17,10,4,2,1
2020-06-14,47130,84,5495,3819,902,516,258,11,4,5,2,0
2020-06-15,47221,91,5512,3827,906,521,258,17,8,4,5,0
2020-06-16,47321,100,5521,3832,906,524,259,9,5,0,3,1
2020-06-17,47436,115,5530,3836,909,526,259,9,4,3,2,0
2020-06-18,47539,103,5536,3838,910,528,260,6,2,1,2,1
2020-06-19,47635,96,5549,3848,911,529,261,13,10,1,1,1
2020-06-20,47724,89,5553,3851,911,530,261,4,3,0,1,0
2020-06-21,47799,75,5563,3856,913,533,261,10,5,2,3,0
2020-06-22,47866,67,5571,3860,915,535,261,8,4,2,2,0
2020-06-23,47943,77,5584,3867,916,539,262,13,7,1,4,1
2020-06-24,48025,82,5599,3876,917,542,264,15,9,1,3,2
2020-06-25,48094,69,5606,3881,918,543,264,7,5,1,1,0
2020-06-26,48155,61,5609,3882,918,543,266,3,1,0,0,2
2020-06-27,48229,74,5613,3885,919,543,266,4,3,1,0,0
2020-06-28,48281,52,5618,3889,919,544,266,5,4,0,1,0
2020-06-29,48314,33,5629,3893,921,549,266,11,4,2,5,0
2020-06-30,48401,87,5636,3895,922,553,266,7,2,1,4,0
2020-07-01,48484,83,5642,3898,924,554,266,6,3,2,1,0
2020-07-02,48554,70,5650,3900,926,557,267,8,2,2,3,1
2020-07-03,48641,87,5655,3900,927,559,269,5,0,1,2,2
2020-07-04,48733,92,5659,3901,929,559,270,4,1,2,0,1
2020-07-05,48786,53,5662,3902,931,559,270,3,1,2,0,0
2020-07-06,48851,65,5670,3906,932,561,271,8,4,1,2,1
2020-07-07,48956,105,5672,3907,933,561,271,2,1,1,0,0
2020-07-08,49079,123,5677,3909,933,563,272,5,2,0,2,1
2020-07-09,49200,121,5681,3910,935,564,272,4,1,2,1,0
2020-07-10,49297,97,5685,3911,936,565,273,4,1,1,1,1
2020-07-11,49405,108,5688,3911,936,568,273,3,0,0,3,0
2020-07-12,49479,74,5688,3911,936,568,273,0,0,0,0,0
2020-07-13,49616,137,5691,3913,936,569,273,3,2,0,1,0
2020-07-14,49739,123,5692,3914,936,569,273,1,1,0,0,0
2020-07-15,49894,155,5697,3917,937,570,273,5,3,1,1,0
2020-07-16,50031,137,5701,3919,938,571,273,4,2,1,1,0
2020-07-17,50208,177,5703,3920,938,572,273,2,1,0,1,0
2020-07-18,50403,195,5704,3920,938,573,273,1,0,0,1,0
2020-07-19,50514,111,5705,3920,939,573,273,1,0,1,0,0
2020-07-20,50658,144,5706,3920,940,573,273,1,0,1,0,0
2020-07-21,50851,193,5708,3920,941,574,273,2,0,1,1,0
2020-07-22,51038,187,5712,3921,941,577,273,4,1,0,3,0
2020-07-23,51199,161,5713,3922,941,577,273,1,1,0,0,0
2020-07-24,51352,153,5714,3922,941,577,274,1,0,0,0,1
2020-07-25,51497,145,5715,3922,941,578,274,1,0,0,1,0
2020-07-26,51603,106,5715,3922,941,578,274,0,0,0,0,0
2020-07-27,51716,113,5717,3922,941,580,274,2,0,0,2,0
2020-07-28,51854,138,5718,3922,941,580,275,1,0,0,0,1
2020-07-29,52027,173,5718,3922,941,580,275,0,0,0,0,0
2020-07-30,52187,160,5722,3924,942,581,275,4,2,1,1,0
2020-07-31,52310,123,5723,3924,943,581,275,1,0,1,0,0
2020-08-01,52433,123,5725,3926,943,581,275,2,2,0,0,0
2020-08-02,52535,102,5727,3928,943,581,275,2,2,0,0,0
2020-08-03,52675,140,5727,3928,943,581,275,0,0,0,0,0
2020-08-04,52823,148,5727,3928,943,581,275,0,0,0,0,0
2020-08-05,52953,130,5730,3929,944,582,275,3,1,1,1,0
2020-08-06,53059,106,5733,3932,944,582,275,3,3,0,0,0
2020-08-07,53183,124,5734,3932,944,583,275,1,0,0,1,0
2020-08-08,53303,120,5736,3933,944,584,275,2,1,0,1,0
2020-08-09,53394,91,5738,3935,944,584,275,2,2,0,0,0
2020-08-10,53476,82,5740,3936,945,584,275,2,1,1,0,0
2020-08-11,53588,112,5743,3936,945,587,275,3,0,0,3,0
2020-08-12,53688,100,5746,3937,945,589,275,3,1,0,2,0
2020-08-13,53771,83,5747,3937,946,589,275,1,0,1,0,0
2020-08-14,53836,65,5749,3938,946,590,275,2,1,0,1,0
2020-08-15,53896,60,5752,3939,946,592,275,3,1,0,2,0
2020-08-16,53944,48,5756,3940,947,594,275,4,1,1,2,0
2020-08-17,53998,54,5758,3941,948,594,275,2,1,1,0,0
2020-08-18,54087,89,5759,3942,948,594,275,1,1,0,0,0
2020-08-19,54180,93,5762,3942,949,596,275,3,0,1,2,0
2020-08-20,54287,107,5764,3943,949,596,276,2,1,0,0,1
2020-08-21,54389,102,5768,3943,950,597,278,4,0,1,1,2
2020-08-22,54478,89,5768,3943,950,597,278,0,0,0,0,0
2020-08-23,54525,47,5771,3944,950,598,279,3,1,0,1,1
2020-08-24,54579,54,5773,3945,951,598,279,2,1,1,0,0
2020-08-25,54705,126,5773,3945,951,598,279,0,0,0,0,0
2020-08-26,54837,132,5774,3946,951,598,279,1,1,0,0,0
2020-08-27,54941,104,5774,3946,951,598,279,0,0,0,0,0
2020-08-28,55072,131,5780,3948,951,601,280,6,2,0,3,1
2020-08-29,55192,120,5782,3948,952,602,280,2,0,1,1,0
2020-08-30,55311,119,5783,3949,952,602,280,1,1,0,0,0
2020-08-31,55444,133,5784,3949,953,602,280,1,0,1,0,0
2020-09-01,55630,186,5784,3949,953,602,280,0,0,0,0,0
2020-09-02,55798,168,5785,3950,953,602,280,1,1,0,0,0
2020-09-03,56016,218,5787,3951,954,602,280,2,1,1,0,0
2020-09-04,56219,203,5787,3951,954,602,280,0,0,0,0,0
2020-09-05,56439,220,5788,3951,954,603,280,1,0,0,1,0
2020-09-06,56632,193,5788,3951,954,603,280,0,0,0,0,0
2020-09-07,56783,151,5790,3951,955,604,280,2,0,1,1,0
2020-09-08,56991,208,5790,3951,955,604,280,0,0,0,0,0
2020-09-09,57240,249,5794,3951,957,605,281,4,0,2,1,1
2020-09-10,57485,245,5795,3952,957,605,281,1,1,0,0,0
2020-09-11,57831,346,5795,3952,957,605,281,0,0,0,0,0
2020-09-12,58162,331,5797,3952,958,605,282,2,0,1,0,1
2020-09-13,58448,286,5800,3953,959,605,283,3,1,1,0,1
2020-09-14,58701,253,5804,3953,962,605,284,4,0,3,0,1
2020-09-15,59026,325,5807,3954,964,605,284,3,1,2,0,0
2020-09-16,59351,325,5810,3955,964,607,284,3,1,0,2,0
2020-09-17,59713,362,5813,3956,965,607,285,3,1,1,0,1
2020-09-18,60209,496,5820,3958,968,609,285,7,2,3,2,0
2020-09-19,60659,450,5826,3959,971,610,286,6,1,3,1,1
2020-09-20,61161,502,5828,3959,973,610,286,2,0,2,0,0
2020-09-21,61671,510,5830,3959,973,611,287,2,0,0,1,1
2020-09-22,62207,536,5833,3959,973,612,289,3,0,0,1,2
2020-09-23,62868,661,5837,3962,973,613,289,4,3,0,1,0
2020-09-24,63606,738,5843,3965,975,613,290,6,3,2,0,1
2020-09-25,64396,790,5845,3965,976,614,290,2,0,1,1,0
2020-09-26,65272,876,5852,3967,978,615,292,7,2,2,1,2
2020-09-27,66194,922,5856,3971,978,615,292,4,4,0,0,0
2020-09-28,67064,870,5864,3974,982,616,292,8,3,4,1,0
2020-09-29,68039,975,5873,3981,983,617,292,9,7,1,1,0
2020-09-30,69109,1070,5886,3984,989,621,292,13,3,6,4,0
2020-10-01,70224,1115,5896,3988,991,625,292,10,4,2,4,0
2020-10-02,71530,1306,5903,3992,994,625,292,7,4,3,0,0
2020-10-03,72570,1040,5912,3996,996,627,293,9,4,2,2,1
2020-10-04,73492,922,5922,4002,997,630,293,10,6,1,3,0
2020-10-05,74299,807,5930,4002,1000,634,294,8,0,3,4,1
2020-10-06,75395,1096,5942,4007,1004,637,294,12,5,4,3,0
2020-10-07,76392,997,5957,4012,1005,646,294,15,5,1,9,0
2020-10-08,77494,1102,5969,4017,1007,649,296,12,5,2,3,2
2020-10-09,78556,1062,5976,4020,1009,651,296,7,3,2,2,0
2020-10-10,79521,965,5994,4025,1015,657,297,18,5,6,6,1
2020-10-11,80503,982,6006,4030,1018,661,297,12,5,3,4,0
2020-10-12,81199,696,6016,4032,1019,666,299,10,2,1,5,2
2020-10-13,82225,1026,6026,4039,1021,667,299,10,7,2,1,0
2020-10-14,83405,1180,6046,4049,1025,672,300,20,10,4,5,1
2020-10-15,84579,1174,6056,4055,1027,673,301,10,6,2,1,1
2020-10-16,85830,1251,6076,4065,1030,677,304,20,10,3,4,3
2020-10-17,86726,896,6083,4066,1032,681,304,7,1,2,4,0
2020-10-18,87522,796,6095,4072,1035,684,304,12,6,3,3,0
2020-10-19,88404,882,6116,4081,1039,690,306,21,9,4,6,2
2020-10-20,89467,1063,6129,4085,1044,694,306,13,4,5,4,0
2020-10-21,90440,973,6151,4090,1048,707,306,22,5,4,13,0
2020-10-22,91361,921,6171,4095,1053,716,307,20,5,5,9,1
2020-10-23,92389,1028,6186,4104,1055,720,307,15,9,2,4,0
2020-10-24,93285,896,6206,4110,1061,728,307,20,6,6,8,0
2020-10-25,94180,895,6223,4115,1065,735,308,17,5,4,7,1
2020-10-26,94898,718,6242,4117,1067,749,309,19,2,2,14,1
2020-10-27,95970,1072,6261,4124,1072,754,311,19,7,5,5,2
2020-10-28,96900,930,6285,4131,1079,763,312,24,7,7,9,1
2020-10-29,97916,1016,6304,4141,1083,767,313,19,10,4,4,1
2020-10-30,98891,975,6332,4153,1085,779,315,28,12,2,12,2
2020-10-31,99958,1067,6363,4169,1090,788,316,31,16,5,9,1
2020-11-01,100872,914,6383,4180,1092,793,318,20,11,2,5,2
2020-11-02,101701,829,6397,4184,1095,799,319,14,4,3,6,1
2020-11-03,102768,1067,6419,4192,1100,806,321,22,8,5,7,2
2020-11-04,103910,1142,6443,4202,1111,809,321,24,10,11,3,0
2020-11-05,105247,1337,6463,4214,1114,814,321,20,12,3,5,0
2020-11-06,106509,1262,6490,4229,1118,821,322,27,15,4,7,1
2020-11-07,107782,1273,6513,4241,1123,827,322,23,12,5,6,0
2020-11-08,108999,1217,6542,4260,1130,830,322,29,19,7,3,0
2020-11-09,110300,1301,6574,4268,1140,839,327,32,8,10,9,5
2020-11-10,111566,1266,6608,4285,1146,848,329,34,17,6,9,2
2020-11-11,112827,1261,6639,4299,1156,854,330,31,14,10,6,1
2020-11-12,114223,1396,6674,4325,1158,859,332,35,26,2,5,2
2020-11-13,115639,1416,6694,4336,1161,863,334,20,11,3,4,2
2020-11-14,116777,1138,6720,4351,1166,866,337,26,15,5,3,3
2020-11-15,117887,1110,6746,4370,1171,866,339,26,19,5,0,2
2020-11-16,118920,1033,6771,4384,1177,871,339,25,14,6,5,0
2020-11-17,120184,1264,6807,4406,1182,877,342,36,22,5,6,3
2020-11-18,121432,1248,6844,4419,1196,884,345,37,13,14,7,3
2020-11-19,122616,1184,6874,4428,1204,896,346,30,9,8,12,1
2020-11-20,123761,1145,6901,4441,1214,897,349,27,13,10,1,3
2020-11-21,124852,1091,6929,4450,1222,907,350,28,9,8,10,1
2020-11-22,126127,1275,6963,4462,1232,918,351,34,12,10,11,1
2020-11-23,127114,987,6988,4470,1241,924,353,25,8,9,6,2
2020-11-24,128392,1278,7028,4493,1248,932,355,40,23,7,8,2
2020-11-25,129822,1430,7059,4498,1259,942,360,31,5,11,10,5
2020-11-26,131196,1374,7088,4512,1265,948,363,29,14,6,6,3
2020-11-27,132611,1415,7115,4522,1276,953,364,27,10,11,5,1
2020-11-28,133884,1273,7146,4538,1283,958,367,31,16,7,5,3
2020-11-29,135131,1247,7179,4546,1299,966,368,33,8,16,8,1
2020-11-30,136542,1411,7211,4563,1309,971,368,32,17,10,5,0
2020-12-01,138130,1588,7235,4570,1315,981,369,24,7,6,10,1
2020-12-02,139737,1607,7271,4589,1324,987,371,36,19,9,6,2
2020-12-03,141448,1711,7310,4606,1334,998,372,39,17,10,11,1
2020-12-04,143042,1594,7347,4615,1350,1009,373,37,9,16,11,1
2020-12-05,144745,1703,7383,4633,1359,1017,374,36,18,9,8,1
2020-12-06,146244,1499,7412,4649,1367,1019,377,29,16,8,2,3
2020-12-07,147739,1495,7447,4667,1376,1026,378,35,18,9,7,1
2020-12-08,149489,1750,7492,4685,1389,1039,379,45,18,13,13,1
2020-12-09,151287,1798,7524,4701,1400,1042,381,32,16,11,3,2
2020-12-10,153108,1821,7556,4713,1409,1053,381,32,12,9,11,0
2020-12-11,155114,2006,7602,4731,1419,1066,386,46,18,10,13,5
2020-12-12,156982,1868,7645,4744,1433,1078,390,43,13,14,12,4
2020-12-13,158668,1686,7679,4759,1439,1088,393,34,15,6,10,3
2020-12-14,160553,1885,7726,4777,1449,1104,396,47,18,10,16,3
2020-12-15,162421,1868,7767,4789,1464,1118,396,41,12,15,14,0
2020-12-16,164547,2126,7799,4804,1470,1128,397,32,15,6,10,1
2020-12-17,166741,2194,7852,4825,1486,1141,400,53,21,16,13,3
2020-12-18,168770,2029,7889,4840,1496,1151,402,37,15,10,10,2
2020-12-19,170936,2166,7923,4851,1505,1165,402,34,11,9,14,0
2020-12-20,172932,1996,7962,4864,1515,1180,403,39,13,10,15,1
2020-12-21,174936,2004,8000,4878,1528,1190,404,38,14,13,10,1
2020-12-22,177144,2208,8062,4902,1544,1208,408,62,24,16,18,4
2020-12-23,179521,2377,8113,4927,1556,1219,411,51,25,12,11,3
2020-12-24,181938,2417,8154,4946,1567,1229,412,41,19,11,10,1
2020-12-25,184261,2323,8201,4960,1587,1239,415,47,14,20,10,3
2020-12-26,186321,2060,8251,4981,1600,1253,417,50,21,13,14,2
2020-12-27,188561,2240,8300,4999,1614,1266,421,49,18,14,13,4
2020-12-28,190710,2149,8347,5016,1628,1280,423,47,17,14,14,2
2020-12-29,193815,3105,8396,5032,1639,1297,428,49,16,11,17,5
2020-12-30,196824,3009,8457,5055,1657,1315,430,61,23,18,18,2
2020-12-31,199380,2556,8498,5064,1667,1336,431,41,9,10,21,1
2021-01-01,201810,2430,8532,5076,1678,1343,435,34,12,11,7,4
2021-01-02,204099,2289,8583,5093,1694,1357,439,51,17,16,14,4
2021-01-03,206442,2343,8627,5108,1704,1374,441,44,15,10,17,2
2021-01-04,208956,2514,8682,5126,1721,1392,443,55,18,17,18,2
2021-01-05,211593,2637,8734,5147,1735,1406,446,52,21,14,14,3
2021-01-06,214246,2653,8789,5161,1753,1426,449,55,14,18,20,3
2021-01-07,217045,2799,8842,5177,1766,1448,451,53,16,13,22,2
2021-01-08,219571,2526,8890,5193,1782,1460,455,48,16,16,12,4
2021-01-09,221557,1986,8940,5207,1797,1476,460,50,14,15,16,5
2021-01-10,223799,2242,8983,5221,1806,1494,462,43,14,9,18,2
2021-01-11,225641,1842,9033,5239,1818,1511,465,50,18,12,17,3
2021-01-12,227808,2167,9084,5256,1831,1529,468,51,17,13,18,3
2021-01-13,229861,2053,9153,5277,1850,1556,470,69,21,19,27,2
2021-01-14,231827,1966,9214,5304,1869,1569,472,61,27,19,13,2
2021-01-15,233836,2009,9263,5321,1884,1585,473,49,17,15,16,1
2021-01-16,235618,1782,9315,5341,1897,1603,474,52,20,13,18,1
2021-01-17,236994,1376,9361,5359,1904,1620,478,46,18,7,17,4
2021-01-18,238371,1377,9417,5378,1923,1637,479,56,19,19,17,1
2021-01-19,239949,1578,9468,5394,1934,1658,482,51,16,11,21,3
2021-01-20,241563,1614,9531,5414,1955,1672,490,63,20,21,14,8
2021-01-21,243239,1676,9581,5428,1972,1687,494,50,14,17,15,4
2021-01-22,244739,1500,9643,5448,1985,1711,499,62,20,13,24,5
2021-01-23,246129,1390,9696,5466,1999,1728,503,53,18,14,17,4
2021-01-24,247277,1148,9755,5482,2014,1752,507,59,16,15,24,4
2021-01-25,248455,1178,9783,5491,2023,1761,508,28,9,9,9,1
2021-01-26,249808,1353,9827,5506,2035,1774,512,44,15,12,13,4
2021-01-27,251076,1268,9873,5525,2052,1784,512,46,19,17,10,0
2021-01-28,252390,1314,9910,5537,2063,1797,513,37,12,11,13,1
2021-01-29,253670,1280,9949,5548,2071,1815,515,39,11,8,18,2
2021-01-30,254883,1213,9976,5558,2073,1827,518,27,10,2,12,3
2021-01-31,255801,918,10012,5570,2081,1842,519,36,12,8,15,1
2021-02-01,256691,890,10035,5574,2086,1851,524,23,4,5,9,5
2021-02-02,257871,1180,10068,5580,2099,1864,525,33,6,13,13,1
2021-02-03,258979,1108,10104,5593,2104,1879,528,36,13,5,15,3
2021-02-04,259986,1007,10139,5599,2114,1895,531,35,6,10,16,3
2021-02-05,261221,1235,10166,5603,2123,1907,533,27,4,9,12,2
2021-02-06,262301,1080,10191,5609,2132,1915,535,25,6,9,8,2
2021-02-07,263122,821,10218,5615,2138,1927,538,27,6,6,12,3
2021-02-08,263873,751,10236,5617,2144,1936,539,18,2,6,9,1
2021-02-09,264804,931,10264,5622,2155,1948,539,28,5,11,12,0
2021-02-10,265958,1154,10286,5627,2159,1959,541,22,5,4,11,2
2021-02-11,266931,973,10308,5630,2165,1971,542,22,3,6,12,1
2021-02-12,267967,1036,10327,5633,2174,1977,543,19,3,9,6,1
2021-02-13,268783,816,10341,5638,2175,1985,543,14,5,1,8,0
2021-02-14,269500,717,10359,5644,2180,1992,543,18,6,5,7,0
2021-02-15,270168,668,10374,5646,2183,2001,544,15,2,3,9,1
2021-02-16,270976,808,10383,5648,2185,2006,544,9,2,2,5,0
2021-02-17,271767,791,10398,5649,2190,2014,545,15,1,5,8,1
2021-02-18,272626,859,10409,5649,2191,2024,545,11,0,1,10,0
2021-02-19,273382,756,10424,5650,2195,2033,546,15,1,4,9,1
2021-02-20,274135,753,10439,5651,2197,2044,547,15,1,2,11,1
2021-02-21,274929,794,10451,5652,2201,2051,547,12,1,4,7,0
2021-02-22,275549,620,10459,5652,2203,2057,547,8,0,2,6,0
2021-02-23,276357,808,10473,5652,2210,2063,548,14,0,7,6,1
2021-02-24,277199,842,10486,5654,2212,2071,549,13,2,2,8,1
2021-02-25,277973,774,10491,5656,2212,2074,549,5,2,0,3,0
2021-02-26,278851,878,10501,5658,2214,2080,549,10,2,2,6,0
2021-02-27,279517,666,10510,5660,2216,2084,550,9,2,2,4,1
2021-02-28,280090,573,10516,5661,2217,2087,551,6,1,1,3,1
2021-03-01,280617,527,10526,5665,2219,2091,551,10,4,2,4,0
2021-03-02,281442,825,10536,5667,2223,2094,552,10,2,4,3,1
2021-03-03,282179,737,10546,5667,2230,2097,552,10,0,7,3,0
2021-03-04,283044,865,10556,5668,2232,2104,552,10,1,2,7,0
2021-03-05,283781,737,10565,5668,2236,2109,552,9,0,4,5,0
2021-03-06,284469,688,10575,5670,2240,2113,552,10,2,4,4,0
2021-03-07,285048,579,10581,5670,2242,2117,552,6,0,2,4,0
2021-03-08,285644,596,10590,5671,2247,2120,552,9,1,5,3,0
2021-03-09,286387,743,10598,5672,2249,2125,552,8,1,2,5,0
2021-03-10,287102,715,10607,5673,2254,2128,552,9,1,5,3,0
2021-03-11,288024,922,10618,5673,2258,2135,552,11,0,4,7,0
2021-03-12,288842,818,10619,5673,2258,2136,552,1,0,0,1,0
2021-03-13,289482,640,10627,5673,2260,2142,552,8,0,2,6,0
2021-03-14,290053,571,10637,5673,2265,2147,552,10,0,5,5,0
2021-03-15,290717,664,10649,5674,2269,2153,553,12,1,4,6,1
2021-03-16,291771,1054,10654,5675,2270,2156,553,5,1,1,3,0
2021-03-17,292687,916,10659,5675,2271,2160,553,5,0,1,4,0
2021-03-18,293513,826,10664,5675,2273,2163,553,5,0,2,3,0
2021-03-19,294304,791,10667,5675,2275,2164,553,3,0,2,1,0
2021-03-20,294904,600,10678,5678,2277,2170,553,11,3,2,6,0
2021-03-21,295395,491,10686,5678,2281,2173,554,8,0,4,3,1
2021-03-22,296470,1075,10692,5678,2284,2176,554,6,0,3,3,0
2021-03-23,297439,969,10696,5678,2284,2179,555,4,0,0,3,1
2021-03-24,298472,1033,10705,5680,2285,2185,555,9,2,1,6,0
2021-03-25,299292,820,10713,5680,2287,2191,555,8,0,2,6,0
2021-03-26,300191,899,10719,5681,2288,2195,555,6,1,1,4,0
2021-03-27,301133,942,10722,5681,2290,2196,555,3,0,2,1,0
2021-03-28,301993,860,10727,5681,2291,2200,555,5,0,1,4,0
2021-03-29,302979,986,10735,5681,2293,2205,556,8,0,2,5,1
2021-03-30,304243,1264,10743,5682,2295,2210,556,8,1,2,5,0
2021-03-31,305394,1151,10747,5683,2295,2213,556,4,1,0,3,0
2021-04-01,306699,1305,10755,5684,2295,2220,556,8,1,0,7,0
2021-04-02,308030,1331,10760,5684,2296,2222,558,5,0,1,2,2
2021-04-03,309274,1244,10765,5684,2297,2226,558,5,0,1,4,0
2021-04-04,310382,1108,10772,5685,2298,2231,558,7,1,1,5,0
2021-04-05,311602,1220,10778,5686,2300,2234,558,6,1,2,3,0
2021-04-06,313544,1942,10783,5686,2300,2238,559,5,0,0,4,1
2021-04-07,315156,1612,10790,5687,2300,2243,560,7,1,0,5,1
2021-04-08,317428,2272,10802,5688,2301,2253,560,12,1,1,10,0
2021-04-09,319331,1903,10806,5688,2302,2256,560,4,0,1,3,0
2021-04-10,320989,1658,10813,5688,2304,2261,560,7,0,2,5,0
2021-04-11,322402,1413,10824,5689,2305,2270,560,11,1,1,9,0
2021-04-12,323820,1418,10830,5692,2306,2272,560,6,3,1,2,0
2021-04-13,325362,1542,10843,5693,2306,2283,561,13,1,0,11,1
2021-04-14,326917,1555,10852,5694,2306,2291,561,9,1,0,8,0
2021-04-15,328599,1682,10859,5695,2307,2295,562,7,1,1,4,1
2021-04-16,330031,1432,10874,5696,2310,2305,563,15,1,3,10,1
2021-04-17,331261,1230,10887,5698,2315,2311,563,13,2,5,6,0
2021-04-18,332317,1056,10897,5700,2316,2318,563,10,2,1,7,0
2021-04-19,333471,1154,10907,5703,2318,2323,563,10,3,2,5,0
2021-04-20,334744,1273,10914,5703,2318,2330,563,7,0,0,7,0
2021-04-21,335879,1135,10918,5704,2318,2333,563,4,1,0,3,0
2021-04-22,336936,1057,10932,5706,2322,2340,564,14,2,4,7,1
2021-04-23,338170,1234,10940,5708,2323,2344,565,8,2,1,4,1
2021-04-24,339010,840,10952,5709,2324,2353,566,12,1,1,9,1
2021-04-25,339914,904,10962,5711,2326,2358,567,10,2,2,5,1
2021-04-26,340951,1037,10971,5712,2327,2364,568,9,1,1,6,1
2021-04-27,342055,1104,10984,5712,2328,2375,569,13,0,1,11,1
2021-04-28,343195,1140,10996,5713,2331,2383,569,12,1,3,8,0
2021-04-29,344295,1100,11008,5713,2334,2391,570,12,0,3,8,1
2021-04-30,345408,1113,11015,5713,2335,2397,570,7,0,1,6,0
2021-05-01,346303,895,11023,5713,2335,2405,570,8,0,0,8,0
2021-05-02,347139,836,11030,5714,2336,2410,570,7,1,1,5,0
2021-05-03,347994,855,11034,5714,2336,2414,570,4,0,0,4,0
2021-05-04,348879,885,11044,5716,2336,2422,570,10,2,0,8,0
2021-05-05,349806,927,11047,5716,2337,2423,571,3,0,1,1,1
2021-05-06,350821,1015,11056,5717,2338,2430,571,9,1,1,7,0
2021-05-07,351843,1022,11064,5718,2339,2436,571,8,1,1,6,0
2021-05-08,352561,718,11072,5718,2339,2443,572,8,0,0,7,1
2021-05-09,353244,683,11078,5718,2339,2448,573,6,0,0,5,1
2021-05-10,353973,729,11081,5718,2340,2450,573,3,0,1,2,0
2021-05-11,354791,818,11087,5719,2340,2455,573,6,1,0,5,0
2021-05-12,355658,867,11093,5719,2342,2459,573,6,0,2,4,0
2021-05-13,356550,892,11098,5721,2345,2459,573,5,2,3,0,0
2021-05-14,357436,886,11102,5721,2346,2462,573,4,0,1,3,0
2021-05-15,358062,626,11109,5722,2347,2467,573,7,1,1,5,0
2021-05-16,358601,539,11118,5722,2348,2474,574,9,0,1,7,1
2021-05-17,359163,562,11129,5722,2349,2482,576,11,0,1,8,2
2021-05-18,359781,618,11136,5722,2352,2486,576,7,0,3,4,0
2021-05-19,360567,786,11143,5722,2354,2491,576,7,0,2,5,0
2021-05-20,361185,618,11148,5722,2355,2495,576,5,0,1,4,0
2021-05-21,361776,591,11154,5722,2356,2500,576,6,0,1,5,0
2021-05-22,362207,431,11161,5723,2356,2506,576,7,1,0,6,0
2021-05-23,362583,376,11169,5723,2357,2512,577,8,0,1,6,1
2021-05-24,362963,380,11172,5724,2357,2514,577,3,1,0,2,0
2021-05-25,363422,459,11176,5724,2357,2518,577,4,0,0,4,0
2021-05-26,363875,453,11181,5724,2357,2523,577,5,0,0,5,0
2021-05-27,364303,428,11184,5724,2357,2526,577,3,0,0,3,0
2021-05-28,364679,376,11186,5724,2359,2526,577,2,0,2,0,0
2021-05-29,364996,317,11192,5724,2360,2530,578,6,0,1,4,1
2021-05-30,365233,237,11192,5724,2360,2530,578,0,0,0,0,0
2021-05-31,365500,267,11196,5724,2361,2533,578,4,0,1,3,0
2021-06-01,365802,302,11201,5724,2363,2536,578,5,0,2,3,0
2021-06-02,366100,298,11205,5725,2363,2539,578,4,1,0,3,0
2021-06-03,366369,269,11209,5725,2363,2543,578,4,0,0,4,0
2021-06-04,366602,233,11212,5725,2365,2544,578,3,0,2,1,0
2021-06-05,366801,199,11217,5725,2365,2549,578,5,0,0,5,0
2021-06-06,366966,165,11221,5725,2365,2553,578,4,0,0,4,0
2021-06-07,367127,161,11226,5725,2368,2555,578,5,0,3,2,0
2021-06-08,367331,204,11227,5725,2368,2556,578,1,0,0,1,0
2021-06-09,367584,253,11228,5725,2368,2557,578,1,0,0,1,0
2021-06-10,367789,205,11229,5725,2368,2558,578,1,0,0,1,0
2021-06-11,367953,164,11231,5725,2369,2559,578,2,0,1,1,0
2021-06-12,368095,142,11232,5725,2369,2560,578,1,0,0,1,0
2021-06-13,368217,122,11236,5725,2369,2563,579,4,0,0,3,1
2021-06-14,368330,113,11237,5725,2369,2564,579,1,0,0,1,0
2021-06-15,368497,167,11237,5725,2369,2564,579,0,0,0,0,0
2021-06-16,368666,169,11242,5725,2370,2567,580,5,0,1,3,1
2021-06-17,368845,179,11244,5725,2370,2569,580,2,0,0,2,0
2021-06-18,368980,135,11244,5725,2370,2569,580,0,0,0,0,0
2021-06-19,369073,93,11246,5725,2370,2571,580,2,0,0,2,0
2021-06-20,369170,97,11248,5725,2371,2572,580,2,0,1,1,0
2021-06-21,369272,102,11250,5725,2372,2573,580,2,0,1,1,0
2021-06-22,369382,110,11251,5725,2372,2574,580,1,0,0,1,0
2021-06-23,369468,86,11252,5725,2373,2574,580,1,0,1,0,0
2021-06-24,369549,81,11253,5725,2373,2575,580,1,0,0,1,0
2021-06-25,369650,101,11255,5725,2373,2577,580,2,0,0,2,0
2021-06-26,369725,75,11256,5725,2373,2578,580,1,0,0,1,0
2021-06-27,369780,55,11257,5725,2373,2579,580,1,0,0,1,0
2021-06-28,369875,95,11258,5726,2373,2579,580,1,1,0,0,0
2021-06-29,369984,109,11259,5726,2373,2580,580,1,0,0,1,0
2021-06-30,370062,78,11260,5727,2373,2580,580,1,1,0,0,0
2021-07-01,370135,73,11261,5727,2374,2580,580,1,0,1,0,0
2021-07-02,370188,53,11262,5727,2375,2580,580,1,0,1,0,0
2021-07-03,370240,52,11262,5727,2375,2580,580,0,0,0,0,0
2021-07-04,370277,37,11263,5727,2375,2581,580,1,0,0,1,0
2021-07-05,370372,95,11263,5727,2375,2581,580,0,0,0,0,0
2021-07-06,370452,80,11264,5727,2376,2581,580,1,0,1,0,0
2021-07-07,370551,99,11264,5727,2376,2581,580,0,0,0,0,0
2021-07-08,370613,62,11264,5727,2376,2581,580,0,0,0,0,0
2021-07-09,370678,65,11264,5727,2376,2581,580,0,0,0,0,0
2021-07-10,370742,64,11265,5727,2376,2582,580,1,0,0,1,0
2021-07-11,370802,60,11268,5727,2376,2585,580,3,0,0,3,0
2021-07-12,370854,52,11268,5727,2376,2585,580,0,0,0,0,0
2021-07-13,370942,88,11269,5727,2376,2586,580,1,0,0,1,0
2021-07-14,371027,85,11269,5727,2376,2586,580,0,0,0,0,0
2021-07-15,371125,98,11270,5727,2376,2587,580,1,0,0,1,0
2021-07-16,371206,81,11270,5727,2376,2587,580,0,0,0,0,0
2021-07-17,371279,73,11270,5727,2376,2587,580,0,0,0,0,0
2021-07-18,371338,59,11271,5727,2376,2588,580,1,0,0,1,0
2021-07-19,371431,93,11271,5727,2376,2588,580,0,0,0,0,0
2021-07-20,371542,111,11272,5727,2376,2589,580,1,0,0,1,0
2021-07-21,371636,94,11273,5727,2376,2590,580,1,0,0,1,0
2021-07-22,371767,131,11276,5727,2377,2592,580,3,0,1,2,0
2021-07-23,371881,114,11276,5727,2377,2592,580,0,0,0,0,0
2021-07-24,371978,97,11276,5727,2377,2592,580,0,0,0,0,0
2021-07-25,372044,66,11277,5727,2377,2593,580,1,0,0,1,0
2021-07-26,372167,123,11277,5727,2377,2593,580,0,0,0,0,0
2021-07-27,372286,119,11277,5727,2377,2593,580,0,0,0,0,0
2021-07-28,372418,132,11277,5727,2377,2593,580,0,0,0,0,0
2021-07-29,372568,150,11277,5727,2377,2593,580,0,0,0,0,0
2021-07-30,372738,170,11277,5727,2377,2593,580,0,0,0,0,0
2021-07-31,372896,158,11277,5727,2377,2593,580,0,0,0,0,0
2021-08-01,373032,136,11277,5727,2377,2593,580,0,0,0,0,0
2021-08-02,373209,177,11277,5727,2377,2593,580,0,0,0,0,0
2021-08-03,373413,204,11278,5727,2377,2594,580,1,0,0,1,0
2021-08-04,373688,275,11278,5727,2377,2594,580,0,0,0,0,0
2021-08-05,373974,286,11278,5727,2377,2594,580,0,0,0,0,0
2021-08-06,374240,266,11278,5727,2377,2594,580,0,0,0,0,0
2021-08-07,374508,268,11279,5728,2377,2594,580,1,1,0,0,0
2021-08-08,374725,217,11280,5728,2377,2595,580,1,0,0,1,0
2021-08-09,375009,284,11281,5728,2377,2596,580,1,0,0,1,0
2021-08-10,375399,390,11281,5728,2377,2596,580,0,0,0,0,0
2021-08-11,375790,391,11281,5728,2377,2596,580,0,0,0,0,0
2021-08-12,376199,409,11281,5728,2377,2596,580,0,0,0,0,0
2021-08-13,376600,401,11282,5728,2377,2597,580,1,0,0,1,0
2021-08-14,377017,417,11282,5728,2377,2597,580,0,0,0,0,0
2021-08-15,377347,330,11282,5728,2377,2597,580,0,0,0,0,0
2021-08-16,377757,410,11283,5728,2378,2597,580,1,0,1,0,0
2021-08-17,378181,424,11283,5728,2378,2597,580,0,0,0,0,0
2021-08-18,378674,493,11284,5728,2378,2598,580,1,0,0,1,0
2021-08-19,379278,604,11284,5728,2378,2598,580,0,0,0,0,0
2021-08-20,379803,525,11284,5728,2378,2598,580,0,0,0,0,0
2021-08-21,380186,383,11287,5729,2380,2598,580,3,1,2,0,0
2021-08-22,380518,332,11287,5729,2380,2598,580,0,0,0,0,0
2021-08-23,380931,413,11287,5729,2380,2598,580,0,0,0,0,0
2021-08-24,381468,537,11288,5729,2380,2599,580,1,0,0,1,0
2021-08-25,382115,647,11288,5729,2380,2599,580,0,0,0,0,0
2021-08-26,382756,641,11288,5729,2380,2599,580,0,0,0,0,0
2021-08-27,383261,505,11289,5730,2380,2599,580,1,1,0,0,0
2021-08-28,383764,503,11289,5730,2380,2599,580,0,0,0,0,0
2021-08-29,384182,418,11290,5730,2380,2600,580,1,0,0,1,0
2021-08-30,384752,570,11291,5730,2380,2601,580,1,0,0,1,0
2021-08-31,385458,706,11293,5730,2380,2603,580,2,0,0,2,0
2021-09-01,386169,711,11294,5730,2380,2604,580,1,0,0,1,0
2021-09-02,386929,760,11294,5730,2380,2604,580,0,0,0,0,0
2021-09-03,387583,654,11297,5730,2380,2607,580,3,0,0,3,0
2021-09-04,388214,631,11297,5730,2380,2607,580,0,0,0,0,0
2021-09-05,388699,485,11297,5730,2380,2607,580,0,0,0,0,0
2021-09-06,389300,601,11301,5730,2380,2611,580,4,0,0,4,0
2021-09-07,389930,630,11303,5730,2380,2613,580,2,0,0,2,0
2021-09-08,390695,765,11306,5730,2380,2616,580,3,0,0,3,0
2021-09-09,391656,961,11309,5731,2380,2618,580,3,1,0,2,0
2021-09-10,392535,879,11311,5732,2380,2619,580,2,1,0,1,0
2021-09-11,393191,656,11313,5732,2380,2621,580,2,0,0,2,0
2021-09-12,393807,616,11316,5732,2380,2624,580,3,0,0,3,0
2021-09-13,394486,679,11320,5733,2380,2626,581,4,1,0,2,1
2021-09-14,395235,749,11321,5733,2380,2627,581,1,0,0,1,0
2021-09-15,396069,834,11326,5733,2380,2632,581,5,0,0,5,0
2021-09-16,396888,819,11328,5733,2380,2634,581,2,0,0,2,0
2021-09-17,397697,809,11335,5733,2381,2640,581,7,0,1,6,0
2021-09-18,398338,641,11337,5733,2381,2642,581,2,0,0,2,0
2021-09-19,398961,623,11342,5733,2383,2645,581,5,0,2,3,0
2021-09-20,399605,644,11346,5733,2385,2647,581,4,0,2,2,0
2021-09-21,400219,614,11350,5733,2385,2651,581,4,0,0,4,0
2021-09-22,401002,783,11354,5733,2387,2653,581,4,0,2,2,0
2021-09-23,401723,721,11357,5734,2388,2654,581,3,1,1,1,0
2021-09-24,402503,780,11361,5734,2389,2657,581,4,0,1,3,0
2021-09-25,403084,581,11364,5735,2389,2659,581,3,1,0,2,0
2021-09-26,403577,493,11366,5735,2390,2660,581,2,0,1,1,0
2021-09-27,404076,499,11373,5737,2390,2665,581,7,2,0,5,0
2021-09-28,404642,566,11376,5737,2390,2668,581,3,0,0,3,0
2021-09-29,405352,710,11383,5737,2392,2673,581,7,0,2,5,0
2021-09-30,405939,587,11388,5737,2393,2677,581,5,0,1,4,0
2021-10-01,406563,624,11392,5737,2393,2681,581,4,0,0,4,0
2021-10-02,406959,396,11396,5737,2393,2685,581,4,0,0,4,0
2021-10-03,407398,439,11400,5737,2394,2688,581,4,0,1,3,0
2021-10-04,407876,478,11402,5737,2395,2689,581,2,0,1,1,0
2021-10-05,408410,534,11406,5737,2396,2692,581,4,0,1,3,0
2021-10-06,409023,613,11413,5737,2399,2696,581,7,0,3,4,0
2021-10-07,409651,628,11415,5737,2400,2697,581,2,0,1,1,0
2021-10-08,410249,598,11420,5739,2401,2699,581,5,2,1,2,0
2021-10-09,410779,530,11425,5739,2403,2702,581,5,0,2,3,0
2021-10-10,411200,421,11429,5739,2403,2706,581,4,0,0,4,0
2021-10-11,411632,432,11431,5739,2403,2708,581,2,0,0,2,0
2021-10-12,412215,583,11435,5739,2403,2712,581,4,0,0,4,0
2021-10-13,412856,641,11438,5740,2403,2714,581,3,1,0,2,0
2021-10-14,413545,689,11444,5741,2404,2718,581,6,1,1,4,0
2021-10-15,414337,792,11448,5741,2404,2722,581,4,0,0,4,0
2021-10-16,414764,427,11451,5741,2404,2725,581,3,0,0,3,0
2021-10-17,415114,350,11456,5741,2405,2729,581,5,0,1,4,0
2021-10-18,415535,421,11458,5741,2406,2730,581,2,0,1,1,0
2021-10-19,416034,499,11461,5742,2406,2732,581,3,1,0,2,0
2021-10-20,416445,411,11470,5743,2407,2739,581,9,1,1,7,0
2021-10-21,416856,411,11475,5743,2408,2743,581,5,0,1,4,0
2021-10-22,417303,447,11478,5744,2408,2745,581,3,1,0,2,0
2021-10-23,417679,376,11483,5745,2409,2748,581,5,1,1,3,0
2021-10-24,418021,342,11485,5745,2409,2750,581,2,0,0,2,0
2021-10-25,418400,379,11488,5746,2409,2752,581,3,1,0,2,0
2021-10-26,418853,453,11491,5749,2409,2752,581,3,3,0,0,0
2021-10-27,419327,474,11495,5751,2409,2754,581,4,2,0,2,0
2021-10-28,419883,556,11498,5753,2409,2755,581,3,2,0,1,0
2021-10-29,420425,542,11501,5754,2410,2756,581,3,1,1,1,0
2021-10-30,420963,538,11506,5755,2411,2759,581,5,1,1,3,0
2021-10-31,421454,491,11510,5755,2411,2763,581,4,0,0,4,0
2021-11-01,421938,484,11513,5756,2412,2764,581,3,1,1,1,0
2021-11-02,422473,535,11514,5756,2412,2765,581,1,0,0,1,0
2021-11-03,423114,641,11515,5756,2412,2766,581,1,0,0,1,0
2021-11-04,423781,667,11518,5756,2413,2768,581,3,0,1,2,0
2021-11-05,424378,597,11523,5757,2414,2771,581,5,1,1,3,0
2021-11-06,424964,586,11527,5757,2416,2773,581,4,0,2,2,0
2021-11-07,425466,502,11531,5758,2418,2774,581,4,1,2,1,0
2021-11-08,425991,525,11535,5759,2418,2777,581,4,1,0,3,0
2021-11-09,426714,723,11539,5759,2420,2778,582,4,0,2,1,1
2021-11-10,427391,677,11542,5759,2421,2780,582,3,0,1,2,0
2021-11-11,428090,699,11546,5760,2423,2781,582,4,1,2,1,0
2021-11-12,428806,716,11550,5761,2424,2783,582,4,1,1,2,0
2021-11-13,429317,511,11551,5761,2424,2784,582,1,0,0,1,0
2021-11-14,429859,542,11552,5761,2424,2785,582,1,0,0,1,0
2021-11-15,430452,593,11552,5761,2424,2785,582,0,0,0,0,0
2021-11-16,431159,707,11552,5761,2424,2785,582,0,0,0,0,0
2021-11-17,431952,793,11556,5762,2425,2786,583,4,1,1,1,1
2021-11-18,432672,720,11558,5762,2425,2788,583,2,0,0,2,0
2021-11-19,433438,766,11563,5762,2425,2793,583,5,0,0,5,0
2021-11-20,434162,724,11568,5762,2426,2797,583,5,0,1,4,0
2021-11-21,434824,662,11569,5763,2426,2797,583,1,1,0,0,0
2021-11-22,435564,740,11570,5763,2426,2798,583,1,0,0,1,0
2021-11-23,436449,885,11575,5764,2427,2801,583,5,1,1,3,0
2021-11-24,437437,988,11577,5764,2427,2803,583,2,0,0,2,0
2021-11-25,438610,1173,11579,5764,2427,2805,583,2,0,0,2,0
2021-11-26,439618,1008,11581,5764,2428,2806,583,2,0,1,1,0
2021-11-27,440435,817,11581,5764,2428,2806,583,0,0,0,0,0
2021-11-28,441154,719,11583,5764,2428,2808,583,2,0,0,2,0
2021-11-29,442076,922,11586,5764,2428,2811,583,3,0,0,3,0
2021-11-30,443188,1112,11588,5764,2429,2812,583,2,0,1,1,0
2021-12-01,444479,1291,11592,5765,2430,2814,583,4,1,1,2,0
2021-12-02,445942,1463,11592,5765,2430,2814,583,0,0,0,0,0
2021-12-03,447335,1393,11593,5765,2430,2815,583,1,0,0,1,0
2021-12-04,448593,1258,11600,5766,2430,2821,583,7,1,0,6,0
2021-12-05,449745,1152,11602,5766,2430,2823,583,2,0,0,2,0
2021-12-06,451037,1292,11604,5766,2430,2823,585,2,0,0,0,2
2021-12-07,452594,1557,11608,5766,2430,2827,585,4,0,0,4,0
2021-12-08,454581,1987,11611,5766,2430,2830,585,3,0,0,3,0
2021-12-09,456562,1981,11615,5766,2430,2834,585,4,0,0,4,0
2021-12-10,458591,2029,11620,5767,2430,2838,585,5,1,0,4,0
2021-12-11,460306,1715,11625,5767,2430,2843,585,5,0,0,5,0
2021-12-12,461948,1642,11631,5768,2430,2848,585,6,1,0,5,0
2021-12-13,464112,2164,11634,5768,2430,2851,585,3,0,0,3,0
2021-12-14,466785,2673,11638,5768,2430,2855,585,4,0,0,4,0
2021-12-15,470145,3360,11645,5768,2431,2861,585,7,0,1,6,0
2021-12-16,474183,4038,11649,5768,2432,2864,585,4,0,1,3,0
2021-12-17,478508,4325,11653,5768,2432,2868,585,4,0,0,4,0
2021-12-18,483212,4704,11655,5768,2432,2870,585,2,0,0,2,0
2021-12-19,487616,4404,11662,5768,2433,2874,587,7,0,1,4,2
2021-12-20,494198,6582,11666,5768,2434,2877,587,4,0,1,3,0
2021-12-21,502480,8282,11672,5768,2434,2882,588,6,0,0,5,1
2021-12-22,513879,11399,11676,5768,2434,2886,588,4,0,0,4,0
2021-12-23,525673,11794,11681,5768,2435,2890,588,5,0,1,4,0
2021-12-24,537321,11648,11685,5768,2435,2894,588,4,0,0,4,0
2021-12-25,547903,10582,11700,5770,2437,2904,589,15,2,2,10,1
2021-12-26,558408,10505,11711,5772,2437,2913,589,11,2,0,9,0
2021-12-27,571854,13446,11721,5776,2438,2918,589,10,4,1,5,0
2021-12-28,587328,15474,11731,5777,2439,2926,589,10,1,1,8,0
2021-12-29,606108,18780,11742,5780,2439,2933,590,11,3,0,7,1
2021-12-30,624793,18685,11759,5783,2440,2946,590,17,3,1,13,0
2021-12-31,641787,16994,11785,5784,2442,2969,590,26,1,2,23,0
2022-01-01,656588,14801,11810,5786,2446,2988,590,25,2,4,19,0
2022-01-02,670718,14130,11836,5789,2450,3007,590,26,3,4,19,0
2022-01-03,684749,14031,11862,5791,2455,3026,590,26,2,5,19,0
2022-01-04,702409,17660,11897,5800,2459,3048,590,35,9,4,22,0
2022-01-05,720328,17919,11935,5811,2463,3070,591,38,11,4,22,1
2022-01-06,736733,16405,11985,5817,2472,3105,591,50,6,9,35,0
2022-01-07,750533,13800,12037,5828,2474,3141,594,52,11,2,36,3
2022-01-08,759819,9286,12088,5836,2482,3173,597,51,8,8,32,3
2022-01-09,768044,8225,12146,5845,2487,3215,599,58,9,5,42,2
2022-01-10,775465,7421,12206,5858,2497,3249,602,60,13,10,34,3
2022-01-11,782907,7442,12260,5865,2503,3286,606,54,7,6,37,4
2022-01-12,789822,6915,12336,5881,2508,3338,609,76,16,5,52,3
2022-01-13,796198,6376,12401,5895,2518,3377,611,65,14,10,39,2
2022-01-14,801712,5514,12465,5908,2525,3421,611,64,13,7,44,0
2022-01-15,806915,5203,12524,5920,2532,3460,612,59,12,7,39,1
2022-01-16,811172,4257,12588,5930,2547,3498,613,64,10,15,38,1
2022-01-17,815767,4595,12678,5955,2558,3547,618,90,25,11,49,5
2022-01-18,820976,5209,12765,5968,2575,3599,623,87,13,17,52,5
2022-01-19,825908,4932,12845,5985,2590,3645,625,80,17,15,46,2
2022-01-20,830426,4518,12903,5992,2603,3680,628,58,7,13,35,3
2022-01-21,834451,4025,12961,6007,2611,3711,632,58,15,8,31,4
2022-01-22,837699,3248,13030,6016,2620,3756,638,69,9,9,45,6
2022-01-23,840455,2756,13085,6028,2625,3791,641,55,12,5,35,3
2022-01-24,843918,3463,13142,6041,2635,3823,643,57,13,10,32,2
2022-01-25,848093,4175,13196,6054,2645,3851,646,54,13,10,28,3
2022-01-26,851764,3671,13247,6064,2659,3874,650,51,10,14,23,4
2022-01-27,855366,3602,13306,6075,2673,3905,653,59,11,14,31,3
2022-01-28,858623,3257,13354,6081,2687,3929,657,48,6,14,24,4
2022-01-29,861310,2687,13398,6083,2701,3955,659,44,2,14,26,2
2022-01-30,863826,2516,13431,6089,2705,3977,660,33,6,4,22,1
2022-01-31,866982,3156,13481,6104,2718,3996,663,50,15,13,19,3
2022-02-01,870792,3810,13523,6112,2731,4016,664,42,8,13,20,1
2022-02-02,874324,3532,13562,6121,2734,4041,666,39,9,3,25,2
2022-02-03,877235,2911,13597,6123,2737,4069,668,35,2,3,28,2
2022-02-04,880115,2880,13641,6132,2753,4085,671,44,9,16,16,3
2022-02-05,882355,2240,13672,6140,2757,4104,671,31,8,4,19,0
2022-02-06,884466,2111,13708,6145,2766,4126,671,36,5,9,22,0
2022-02-07,887400,2934,13753,6155,2776,4151,671,45,10,10,25,0
2022-02-08,890465,3065,13786,6159,2783,4172,672,33,4,7,21,1
2022-02-09,893134,2669,13814,6163,2789,4190,672,28,4,6,18,0
2022-02-10,895559,2425,13846,6170,2794,4209,673,32,7,5,19,1
2022-02-11,897688,2129,13884,6175,2797,4238,674,38,5,3,29,1
2022-02-12,899254,1566,13918,6188,2804,4252,674,34,13,7,14,0
2022-02-13,900829,1575,13951,6190,2813,4273,675,33,2,9,21,1
2022-02-14,902763,1934,13976,6193,2819,4288,676,25,3,6,15,1
2022-02-15,904745,1982,13995,6196,2823,4299,677,19,3,4,11,1
2022-02-16,906639,1894,14021,6202,2828,4312,679,26,6,5,13,2
2022-02-17,908349,1710,14043,6210,2830,4324,679,22,8,2,12,0
2022-02-18,909826,1477,14057,6210,2833,4335,679,14,0,3,11,0
2022-02-19,910996,1170,14081,6214,2838,4349,680,24,4,5,14,1
2022-02-20,912176,1180,14092,6217,2840,4355,680,11,3,2,6,0
2022-02-21,913795,1619,14111,6223,2847,4360,681,19,6,7,5,1
2022-02-22,915429,1634,14130,6225,2851,4373,681,19,2,4,13,0
2022-02-23,916883,1454,14144,6226,2853,4384,681,14,1,2,11,0
2022-02-24,918198,1315,14156,6227,2855,4393,681,12,1,2,9,0
2022-02-25,919242,1044,14166,6228,2856,4400,682,10,1,1,7,1
2022-02-26,920193,951,14186,6233,2861,4410,682,20,5,5,10,0
2022-02-27,921103,910,14204,6236,2864,4421,683,18,3,3,11,1
2022-02-28,922391,1288,14220,6237,2866,4433,684,16,1,2,12,1
2022-03-01,923590,1199,14235,6240,2866,4445,684,15,3,0,12,0
2022-03-02,924733,1143,14249,6243,2869,4452,685,14,3,3,7,1
2022-03-03,925951,1218,14264,6250,2871,4458,685,15,7,2,6,0
2022-03-04,926998,1047,14286,6254,2873,4474,685,22,4,2,16,0
2022-03-05,927805,807,14294,6254,2874,4481,685,8,0,1,7,0
2022-03-06,928589,784,14306,6257,2877,4487,685,12,3,3,6,0
2022-03-07,929881,1292,14316,6260,2877,4494,685,10,3,0,7,0
2022-03-08,931208,1327,14334,6263,2881,4505,685,18,3,4,11,0
2022-03-09,932439,1231,14340,6265,2881,4509,685,6,2,0,4,0
2022-03-10,933548,1109,14351,6267,2884,4514,686,11,2,3,5,1
2022-03-11,934548,1000,14361,6267,2884,4524,686,10,0,0,10,0
2022-03-12,935293,745,14382,6268,2886,4541,687,21,1,2,17,1
2022-03-13,936012,719,14393,6273,2887,4545,688,11,5,1,4,1
2022-03-14,937314,1302,14404,6275,2888,4553,688,11,2,1,8,0
2022-03-15,938740,1426,14417,6277,2890,4562,688,13,2,2,9,0
2022-03-16,940245,1505,14432,6278,2890,4575,689,15,1,0,13,1
2022-03-17,941595,1350,14442,6281,2892,4579,690,10,3,2,4,1
2022-03-18,942804,1209,14456,6283,2893,4590,690,14,2,1,11,0
2022-03-19,943750,946,14462,6284,2893,4594,691,6,1,0,4,1
2022-03-20,944836,1086,14478,6287,2898,4602,691,16,3,5,8,0
2022-03-21,946542,1706,14482,6288,2899,4604,691,4,1,1,2,0
2022-03-22,948818,2276,14491,6290,2900,4610,691,9,2,1,6,0
2022-03-23,951194,2376,14498,6291,2902,4614,691,7,1,2,4,0
2022-03-24,953394,2200,14510,6292,2905,4622,691,12,1,3,8,0
2022-03-25,955533,2139,14520,6295,2907,4627,691,10,3,2,5,0
2022-03-26,957169,1636,14527,6295,2908,4633,691,7,0,1,6,0
2022-03-27,958939,1770,14535,6295,2910,4639,691,8,0,2,6,0
2022-03-28,961836,2897,14546,6295,2913,4647,691,11,0,3,8,0
2022-03-29,964978,3142,14559,6299,2915,4654,691,13,4,2,7,0
2022-03-30,968529,3551,14569,6299,2915,4664,691,10,0,0,10,0
2022-03-31,971627,3098,14582,6301,2918,4671,692,13,2,3,7,1
2022-04-01,974636,3009,14592,6303,2920,4677,692,10,2,2,6,0
2022-04-02,977028,2392,14605,6305,2925,4683,692,13,2,5,6,0
2022-04-03,979320,2292,14625,6308,2933,4692,692,20,3,8,9,0
2022-04-04,982759,3439,14647,6313,2936,4705,693,22,5,3,13,1
2022-04-05,986529,3770,14669,6315,2940,4719,695,22,2,4,14,2
2022-04-06,990095,3566,14686,6318,2946,4726,696,17,3,6,7,1
2022-04-07,993694,3599,14696,6319,2949,4732,696,10,1,3,6,0
2022-04-08,996671,2977,14724,6324,2958,4745,697,28,5,9,13,1
2022-04-09,999293,2622,14745,6328,2966,4754,697,21,4,8,9,0
2022-04-10,1001756,2463,14759,6331,2968,4762,698,14,3,2,8,1
2022-04-11,1004686,2930,14782,6337,2972,4775,698,23,6,4,13,0
2022-04-12,1008265,3579,14804,6342,2976,4787,699,22,5,4,12,1
2022-04-13,1011734,3469,14831,6349,2983,4799,700,27,7,7,12,1
2022-04-14,1014680,2946,14860,6358,2991,4811,700,29,9,8,12,0
2022-04-15,1017021,2341,14893,6367,2994,4831,701,33,9,3,20,1
2022-04-16,1018830,1809,14916,6373,2997,4844,702,23,6,3,13,1
2022-04-17,1020462,1632,14945,6378,3003,4862,702,29,5,6,18,0
2022-04-18,1022561,2099,14969,6381,3007,4878,703,24,3,4,16,1
2022-04-19,1025349,2788,14994,6384,3012,4895,703,25,3,5,17,0
2022-04-20,1028308,2959,15025,6387,3019,4915,704,31,3,7,20,1
2022-04-21,1030724,2416,15045,6392,3021,4927,705,20,5,2,12,1
2022-04-22,1032857,2133,15064,6393,3027,4939,705,19,1,6,12,0
2022-04-23,1034288,1431,15091,6395,3033,4956,707,27,2,6,17,2
2022-04-24,1035745,1457,15112,6398,3037,4970,707,21,3,4,14,0
2022-04-25,1037731,1986,15137,6403,3045,4981,708,25,5,8,11,1
2022-04-26,1039696,1965,15170,6411,3052,4997,710,33,8,7,16,2
2022-04-27,1041508,1812,15194,6414,3059,5010,711,24,3,7,13,1
2022-04-28,1043278,1770,15213,6416,3061,5025,711,19,2,2,15,0
2022-04-29,1044722,1444,15230,6419,3069,5031,711,17,3,8,6,0
2022-04-30,1045768,1046,15250,6421,3071,5047,711,20,2,2,16,0
2022-05-01,1046689,921,15264,6424,3072,5057,711,14,3,1,10,0
2022-05-02,1048243,1554,15281,6429,3076,5065,711,17,5,4,8,0
2022-05-03,1049839,1596,15299,6431,3079,5077,712,18,2,3,12,1
2022-05-04,1051144,1305,15318,6433,3081,5092,712,19,2,2,15,0
2022-05-05,1052395,1251,15335,6438,3087,5098,712,17,5,6,6,0
2022-05-06,1053445,1050,15351,6442,3087,5109,713,16,4,0,11,1
2022-05-07,1054181,736,15367,6445,3092,5117,713,16,3,5,8,0
2022-05-08,1054902,721,15392,6451,3096,5131,714,25,6,4,14,1
2022-05-09,1055870,968,15402,6451,3098,5139,714,10,0,2,8,0
2022-05-10,1056994,1124,15418,6453,3103,5148,714,16,2,5,9,0
2022-05-11,1057935,941,15430,6453,3105,5157,715,12,0,2,9,1
2022-05-12,1058793,858,15448,6454,3111,5168,715,18,1,6,11,0
2022-05-13,1059575,782,15456,6455,3111,5175,715,8,1,0,7,0
2022-05-14,1060180,605,15476,6459,3115,5187,715,20,4,4,12,0
2022-05-15,1060719,539,15484,6462,3115,5192,715,8,3,0,5,0
2022-05-16,1061459,740,15494,6463,3118,5198,715,10,1,3,6,0
2022-05-17,1062169,710,15505,6467,3120,5203,715,11,4,2,5,0
2022-05-18,1062812,643,15514,6469,3120,5210,715,9,2,0,7,0
2022-05-19,1063370,558,15521,6469,3122,5214,716,7,0,2,4,1
2022-05-20,1063900,530,15530,6469,3125,5220,716,9,0,3,6,0
2022-05-21,1064292,392,15535,6469,3126,5224,716,5,0,1,4,0
2022-05-22,1064698,406,15546,6470,3128,5232,716,11,1,2,8,0
2022-05-23,1065274,576,15555,6471,3129,5239,716,9,1,1,7,0
2022-05-24,1065956,682,15561,6471,3131,5243,716,6,0,2,4,0
2022-05-25,1066654,698,15566,6471,3132,5247,716,5,0,1,4,0
2022-05-26,1067244,590,15576,6473,3135,5252,716,10,2,3,5,0
2022-05-27,1067778,534,15582,6474,3138,5254,716,6,1,3,2,0
2022-05-28,1068212,434,15583,6474,3138,5255,716,1,0,0,1,0
2022-05-29,1068635,423,15586,6475,3139,5256,716,3,1,1,1,0
2022-05-30,1069327,692,15593,6477,3140,5259,717,7,2,1,3,1
2022-05-31,1070047,720,15597,6478,3141,5261,717,4,1,1,2,0
2022-06-01,1070843,796,15603,6479,3141,5266,717,6,1,0,5,0
2022-06-02,1071448,605,15608,6480,3141,5270,717,5,1,0,4,0
2022-06-03,1071951,503,15613,6480,3142,5274,717,5,0,1,4,0
2022-06-04,1072401,450,15619,6481,3143,5278,717,6,1,1,4,0
2022-06-05,1072857,456,15622,6482,3143,5280,717,3,1,0,2,0
2022-06-06,1073655,798,15626,6482,3143,5284,717,4,0,0,4,0
2022-06-07,1074384,729,15629,6482,3144,5286,717,3,0,1,2,0
2022-06-08,1075198,814,15631,6482,3144,5288,717,2,0,0,2,0
2022-06-09,1075960,762,15637,6482,3146,5292,717,6,0,2,4,0
2022-06-10,1076590,630,15643,6483,3148,5294,718,6,1,2,2,1
2022-06-11,1077108,518,15645,6483,3148,5296,718,2,0,0,2,0
2022-06-12,1077641,533,15649,6484,3148,5299,718,4,1,0,3,0
2022-06-13,1078513,872,15651,6484,3149,5300,718,2,0,1,1,0
2022-06-14,1079352,839,15659,6486,3149,5306,718,8,2,0,6,0
2022-06-15,1080329,977,15663,6486,3151,5308,718,4,0,2,2,0
2022-06-16,1081228,899,15666,6486,3151,5311,718,3,0,0,3,0
2022-06-17,1081996,768,15669,6487,3151,5313,718,3,1,0,2,0
2022-06-18,1082654,658,15674,6488,3152,5315,719,5,1,1,2,1
2022-06-19,1083263,609,15678,6488,3152,5319,719,4,0,0,4,0
2022-06-20,1084352,1089,15684,6489,3153,5323,719,6,1,1,4,0
2022-06-21,1085525,1173,15686,6489,3153,5325,719,2,0,0,2,0
2022-06-22,1086882,1357,15691,6489,3153,5329,720,5,0,0,4,1
2022-06-23,1087990,1108,15695,6490,3153,5332,720,4,1,0,3,0
2022-06-24,1088912,922,15701,6490,3153,5338,720,6,0,0,6,0
2022-06-25,1089741,829,15704,6490,3153,5341,720,3,0,0,3,0
2022-06-26,1090606,865,15710,6490,3153,5347,720,6,0,0,6,0
2022-06-27,1092244,1638,15714,6490,3153,5350,721,4,0,0,3,1
2022-06-28,1094015,1771,15725,6494,3155,5355,721,11,4,2,5,0
2022-06-29,1095741,1726,15728,6495,3155,5357,721,3,1,0,2,0
2022-06-30,1097395,1654,15739,6496,3158,5364,721,11,1,3,7,0
2022-07-01,1098592,1197,15745,6497,3160,5367,721,6,1,2,3,0
2022-07-02,1099737,1145,15753,6500,3162,5370,721,8,3,2,3,0
2022-07-03,1100878,1141,15763,6502,3162,5378,721,10,2,0,8,0
2022-07-04,1102949,2071,15769,6503,3163,5381,722,6,1,1,3,1
2022-07-05,1104855,1906,15780,6506,3164,5388,722,11,3,1,7,0
2022-07-06,1106876,2021,15794,6508,3165,5399,722,14,2,1,11,0
2022-07-07,1108671,1795,15803,6508,3165,5408,722,9,0,0,9,0
2022-07-08,1110198,1527,15815,6509,3167,5416,723,12,1,2,8,1
2022-07-09,1111432,1234,15819,6509,3167,5420,723,4,0,0,4,0
2022-07-10,1112677,1245,15832,6510,3167,5432,723,13,1,0,12,0
2022-07-11,1114694,2017,15844,6511,3167,5442,724,12,1,0,10,1
2022-07-12,1116899,2205,15861,6514,3168,5455,724,17,3,1,13,0
2022-07-13,1119236,2337,15882,6517,3172,5469,724,21,3,4,14,0
2022-07-14,1121149,1913,15900,6521,3174,5480,725,18,4,2,11,1
2022-07-15,1123152,2003,15916,6525,3175,5491,725,16,4,1,11,0
2022-07-16,1124678,1526,15935,6529,3179,5502,725,19,4,4,11,0
2022-07-17,1126080,1402,15953,6534,3183,5511,725,18,5,4,9,0
2022-07-18,1128227,2147,15966,6534,3184,5522,726,13,0,1,11,1
2022-07-19,1130631,2404,15985,6537,3186,5535,727,19,3,2,13,1
2022-07-20,1132711,2080,16002,6537,3190,5547,728,17,0,4,12,1
2022-07-21,1134662,1951,16020,6542,3193,5557,728,18,5,3,10,0
2022-07-22,1136268,1606,16038,6547,3197,5566,728,18,5,4,9,0
2022-07-23,1137551,1283,16053,6548,3203,5574,728,15,1,6,8,0
2022-07-24,1138829,1278,16070,6549,3207,5586,728,17,1,4,12,0
2022-07-25,1140630,1801,16088,6551,3209,5600,728,18,2,2,14,0
2022-07-26,1142432,1802,16103,6552,3213,5609,729,15,1,4,9,1
2022-07-27,1144007,1575,16114,6555,3216,5614,729,11,3,3,5,0
2022-07-28,1145468,1461,16126,6555,3218,5624,729,12,0,2,10,0
2022-07-29,1146808,1340,16138,6555,3220,5634,729,12,0,2,10,0
2022-07-30,1147789,981,16151,6561,3221,5640,729,13,6,1,6,0
2022-07-31,1148759,970,16156,6562,3221,5644,729,5,1,0,4,0
2022-08-01,1150145,1386,16175,6567,3225,5653,730,19,5,4,9,1
2022-08-02,1151594,1449,16189,6570,3226,5661,732,14,3,1,8,2
2022-08-03,1152935,1341,16204,6574,3226,5672,732,15,4,0,11,0
2022-08-04,1153978,1043,16214,6575,3226,5681,732,10,1,0,9,0
2022-08-05,1155075,1097,16229,6581,3227,5689,732,15,6,1,8,0
2022-08-06,1155861,786,16244,6583,3228,5701,732,15,2,1,12,0
2022-08-07,1156649,788,16256,6584,3230,5710,732,12,1,2,9,0
2022-08-08,1157920,1271,16271,6586,3232,5721,732,15,2,2,11,0
2022-08-09,1159056,1136,16281,6587,3233,5728,733,10,1,1,7,1
2022-08-10,1160228,1172,16296,6590,3235,5738,733,15,3,2,10,0
2022-08-11,1161422,1194,16309,6592,3237,5747,733,13,2,2,9,0
2022-08-12,1162341,919,16319,6592,3240,5754,733,10,0,3,7,0
2022-08-13,1163120,779,16335,6594,3243,5765,733,16,2,3,11,0
2022-08-14,1163836,716,16349,6596,3245,5774,734,14,2,2,9,1
2022-08-15,1165062,1226,16361,6597,3246,5784,734,12,1,1,10,0
2022-08-16,1166326,1264,16375,6599,3246,5796,734,14,2,0,12,0
2022-08-17,1167449,1123,16392,6601,3249,5808,734,17,2,3,12,0
2022-08-18,1168447,998,16404,6604,3251,5815,734,12,3,2,7,0
2022-08-19,1169312,865,16420,6606,3253,5827,734,16,2,2,12,0
2022-08-20,1169999,687,16433,6607,3254,5838,734,13,1,1,11,0
2022-08-21,1170645,646,16446,6607,3257,5848,734,13,0,3,10,0
2022-08-22,1171596,951,16463,6610,3260,5859,734,17,3,3,11,0
2022-08-23,1172621,1025,16475,6612,3261,5868,734,12,2,1,9,0
2022-08-24,1173526,905,16489,6613,3261,5881,734,14,1,0,13,0
2022-08-25,1174298,772,16494,6614,3262,5884,734,5,1,1,3,0
2022-08-26,1175059,761,16501,6615,3263,5889,734,7,1,1,5,0
2022-08-27,1175630,571,16520,6617,3264,5904,735,19,2,1,15,1
2022-08-28,1176119,489,16529,6618,3264,5912,735,9,1,0,8,0
2022-08-29,1176925,806,16540,6619,3264,5922,735,11,1,0,10,0
2022-08-30,1177883,958,16548,6619,3264,5929,736,8,0,0,7,1
2022-08-31,1178727,844,16559,6619,3265,5939,736,11,0,1,10,0
2022-09-01,1179529,802,16565,6619,3265,5944,737,6,0,0,5,1
2022-09-02,1180192,663,16572,6619,3265,5950,738,7,0,0,6,1
2022-09-03,1180670,478,16580,6619,3266,5957,738,8,0,1,7,0
2022-09-04,1181126,456,16585,6619,3267,5961,738,5,0,1,4,0
2022-09-05,1181742,616,16587,6619,3267,5963,738,2,0,0,2,0
2022-09-06,1182667,925,16594,6620,3268,5967,739,7,1,1,4,1
2022-09-07,1183534,867,16603,6620,3268,5976,739,9,0,0,9,0
2022-09-08,1184404,870,16609,6621,3268,5981,739,6,1,0,5,0
2022-09-09,1185056,652,16613,6621,3268,5985,739,4,0,0,4,0
2022-09-10,1185635,579,16627,6622,3271,5995,739,14,1,3,10,0
2022-09-11,1186201,566,16634,6623,3273,5998,740,7,1,2,3,1
2022-09-12,1187121,920,16644,6625,3274,6005,740,10,2,1,7,0
2022-09-13,1187968,847,16650,6625,3274,6011,740,6,0,0,6,0
2022-09-14,1188746,778,16658,6626,3274,6018,740,8,1,0,7,0
2022-09-15,1189499,753,16659,6626,3274,6019,740,1,0,0,1,0
2022-09-16,1190131,632,16662,6626,3275,6021,740,3,0,1,2,0
2022-09-17,1190595,464,16665,6626,3275,6024,740,3,0,0,3,0
2022-09-18,1191197,602,16668,6626,3275,6027,740,3,0,0,3,0
2022-09-19,1192126,929,16672,6626,3276,6030,740,4,0,1,3,0
2022-09-20,1193040,914,16678,6626,3276,6036,740,6,0,0,6,0
2022-09-21,1193891,851,16682,6626,3276,6040,740,4,0,0,4,0
2022-09-22,1194757,866,16686,6626,3277,6043,740,4,0,1,3,0
2022-09-23,1195527,770,16692,6626,3277,6049,740,6,0,0,6,0
2022-09-24,1196163,636,16694,6627,3277,6050,740,2,1,0,1,0
2022-09-25,1196767,604,16700,6628,3278,6054,740,6,1,1,4,0
2022-09-26,1197739,972,16706,6628,3280,6058,740,6,0,2,4,0
2022-09-27,1198823,1084,16710,6628,3282,6060,740,4,0,2,2,0
2022-09-28,1199854,1031,16720,6628,3283,6069,740,10,0,1,9,0
2022-09-29,1200747,893,16723,6628,3283,6072,740,3,0,0,3,0
2022-09-30,1201629,882,16732,6628,3285,6079,740,9,0,2,7,0
2022-10-01,1202232,603,16738,6629,3286,6083,740,6,1,1,4,0
2022-10-02,1202955,723,16744,6631,3287,6086,740,6,2,1,3,0
2022-10-03,1203917,962,16750,6632,3287,6090,741,6,1,0,4,1
2022-10-04,1205024,1107,16750,6632,3287,6090,741,0,0,0,0,0
2022-10-05,1206007,983,16754,6632,3288,6093,741,4,0,1,3,0
2022-10-06,1207038,1031,16767,6634,3288,6103,742,13,2,0,10,1
2022-10-07,1207969,931,16775,6635,3289,6109,742,8,1,1,6,0
2022-10-08,1208597,628,16778,6635,3291,6110,742,3,0,2,1,0
2022-10-09,1209304,707,16782,6635,3292,6113,742,4,0,1,3,0
2022-10-10,1210085,781,16786,6637,3292,6115,742,4,2,0,2,0
2022-10-11,1211186,1101,16791,6637,3292,6120,742,5,0,0,5,0
2022-10-12,1212413,1227,16797,6637,3292,6126,742,6,0,0,6,0
2022-10-13,1213468,1055,16806,6638,3292,6134,742,9,1,0,8,0
2022-10-14,1214480,1012,16807,6638,3292,6135,742,1,0,0,1,0
2022-10-15,1215186,706,16812,6639,3293,6138,742,5,1,1,3,0
2022-10-16,1215831,645,16816,6639,3293,6142,742,4,0,0,4,0
2022-10-17,1216881,1050,16818,6639,3293,6144,742,2,0,0,2,0
2022-10-18,1217963,1082,16822,6639,3293,6148,742,4,0,0,4,0
